Index ,state_code,state,type,population,households,median_income
1,AL,Alabama,City,62059,21767,38342
1,AL,Alabama,City,212461,89972,31061
1,AL,Alabama,City,55437,22294,41496
1,AL,Alabama,City,68567,25913,42426
1,AL,Alabama,City,84848,32789,77146
1,AL,Alabama,City,190582,78554,48775
1,AL,Alabama,City,194288,76170,38776
1,AL,Alabama,City,200602,79866,42927
1,AL,Alabama,City,98332,32468,39351
2,AR,Arkansas,City,64980,23439,47504
2,AR,Arkansas,City,82830,33063,39432
2,AR,Arkansas,City,88194,34780,35096
2,AR,Arkansas,City,73907,27335,41688
2,AR,Arkansas,City,197992,79902,46085
2,AR,Arkansas,City,66504,25538,39591
2,AR,Arkansas,City,63159,21295,52943
2,AR,Arkansas,City,77859,24882,42319
3,AZ,Arizona,City,80684,23516,55100
3,AZ,Arizona,City,62138,15718,58939
3,AZ,Arizona,City,51460,17391,44348
3,AZ,Arizona,CDP,68525,27867,56265
3,AZ,Arizona,CDP,50643,23495,78586
3,AZ,Arizona,City,260828,88973,72695
3,AZ,Arizona,City,70320,23292,48680
3,AZ,Arizona,Town,247542,73617,82424
3,AZ,Arizona,City,240126,79152,46776
3,AZ,Arizona,City,79003,23882,70323
3,AZ,Arizona,City,53553,22788,42847
3,AZ,Arizona,City,471825,168914,48809
3,AZ,Arizona,City,171237,58588,65314
3,AZ,Arizona,City,1563025,525610,47326
3,AZ,Arizona,CDP,86743,25128,59769
3,AZ,Arizona,City,236839,102424,73288
3,AZ,Arizona,City,128422,45054,59916
3,AZ,Arizona,City,175826,64810,49012
3,AZ,Arizona,City,531641,206342,37149
3,AZ,Arizona,City,94139,33394,43754
4,CA,California,City,78630,30708,79312
4,CA,California,City,85551,29174,53582
4,CA,California,City,50195,18425,102367
4,CA,California,City,350742,99670,60752
4,CA,California,City,110542,33718,64329
4,CA,California,Town,72174,23727,47938
4,CA,California,City,58408,19559,79934
4,CA,California,CDP,92844,40602,45489
4,CA,California,City,373640,112439,57095
4,CA,California,City,77071,17674,51742
4,CA,California,City,78441,23176,48823
4,CA,California,City,120972,45917,66237
4,CA,California,City,58968,17725,92589
4,CA,California,City,83270,23130,70588
4,CA,California,City,105319,41361,66076
4,CA,California,City,67608,24375,88152
4,CA,California,City,113453,42791,90597
4,CA,California,CDP,63314,26074,54322
4,CA,California,City,93281,25223,72421
4,CA,California,CDP,62363,22164,85596
4,CA,California,City,53826,17369,39872
4,CA,California,City,90316,34791,42342
4,CA,California,City,85595,20149,72872
4,CA,California,City,78309,23696,96914
4,CA,California,City,265757,78066,65185
4,CA,California,City,87056,32987,50047
4,CA,California,City,104180,34512,62666
4,CA,California,City,54621,15432,41565
4,CA,California,City,98462,23551,43507
4,CA,California,City,128667,45409,68318
4,CA,California,City,164226,48156,74149
4,CA,California,City,113204,40908,66459
4,CA,California,City,60572,20422,141953
4,CA,California,City,106562,31137,74449
4,CA,California,City,67666,24428,56463
4,CA,California,City,52733,11105,35933
4,CA,California,City,56897,17656,89221
4,CA,California,City,114219,32738,62897
4,CA,California,City,57721,17321,118773
4,CA,California,CDP,127610,31400,38766
4,CA,California,City,59039,13189,110927
4,CA,California,City,103679,32564,45925
4,CA,California,City,166913,49316,79487
4,CA,California,City,116732,30752,38085
4,CA,California,City,62930,23465,95149
4,CA,California,City,151451,45041,50899
4,CA,California,City,112970,34623,67364
4,CA,California,CDP,62815,14373,33934
4,CA,California,CDP,50791,15247,39998
4,CA,California,City,76375,25879,100978
4,CA,California,City,207460,49975,64824
4,CA,California,City,56987,18842,82367
4,CA,California,City,232206,72684,105355
4,CA,California,City,520052,161914,41531
4,CA,California,City,140847,45031,65974
4,CA,California,City,60447,20897,47674
4,CA,California,City,175393,46998,58449
4,CA,California,City,53231,14989,83027
4,CA,California,City,201020,71498,52574
4,CA,California,City,52009,16722,75148
4,CA,California,CDP,55179,16020,78039
4,CA,California,City,55659,17414,53986
4,CA,California,City,88451,29159,44504
4,CA,California,City,158289,46713,65096
4,CA,California,City,83861,29909,33989
4,CA,California,City,93295,26253,44874
4,CA,California,City,54854,15289,53851
4,CA,California,City,201899,74460,83252
4,CA,California,City,59430,14559,34887
4,CA,California,City,87533,26144,50525
4,CA,California,City,111666,36667,42044
4,CA,California,City,256927,87235,92278
4,CA,California,City,100314,24839,57749
4,CA,California,City,65806,24877,95536
4,CA,California,City,62131,18830,63037
4,CA,California,City,61981,15462,61248
4,CA,California,City,82492,27044,91254
4,CA,California,City,81611,26083,79193
4,CA,California,City,60089,23785,54667
4,CA,California,City,161103,47427,47225
4,CA,California,City,88126,30182,100992
4,CA,California,City,64596,22423,49316
4,CA,California,City,474140,164406,52783
4,CA,California,City,3971883,1342761,50205
4,CA,California,City,71989,15132,43109
4,CA,California,City,64208,16791,40457
4,CA,California,City,75448,22639,62364
4,CA,California,City,87174,27524,55985
4,CA,California,City,82436,25330,37627
4,CA,California,City,77604,20792,100242
4,CA,California,City,97156,33483,100366
4,CA,California,City,211266,70481,48577
4,CA,California,City,63921,19816,45875
4,CA,California,City,61468,19106,54097
4,CA,California,City,204198,51693,54590
4,CA,California,City,80435,32714,103488
4,CA,California,City,109830,32685,74610
4,CA,California,City,80434,28356,68038
4,CA,California,City,61060,15332,41437
4,CA,California,City,87127,38071,113071
4,CA,California,City,107140,27225,59756
4,CA,California,City,55530,21403,78439
4,CA,California,City,419267,158424,54618
4,CA,California,City,175691,60493,57703
4,CA,California,City,171214,47375,54114
4,CA,California,City,140992,42680,78513
4,CA,California,City,207254,50815,60621
4,CA,California,City,158351,42720,52392
4,CA,California,City,51869,23925,52892
4,CA,California,City,66853,26087,136519
4,CA,California,City,55412,13844,45792
4,CA,California,City,142250,54536,72402
4,CA,California,City,74971,16297,49325
4,CA,California,City,60438,21616,80276
4,CA,California,City,64218,16606,55752
4,CA,California,City,69424,20180,60777
4,CA,California,City,52495,16050,79598
4,CA,California,City,79510,26020,124759
4,CA,California,City,153266,39378,49186
4,CA,California,City,56058,15821,38456
4,CA,California,City,50157,15832,95815
4,CA,California,City,71017,24063,52530
4,CA,California,City,175236,55240,77396
4,CA,California,City,91582,35436,43341
4,CA,California,City,71035,24157,65212
4,CA,California,City,68166,27733,105145
4,CA,California,City,85288,29049,84934
4,CA,California,City,103132,25199,50971
4,CA,California,City,109708,36973,55102
4,CA,California,City,322424,91267,57196
4,CA,California,City,61213,21208,80177
4,CA,California,City,54908,14768,44906
4,CA,California,City,130269,46547,75867
4,CA,California,CDP,51597,14617,59534
4,CA,California,City,490712,178185,50739
4,CA,California,City,157380,40892,49840
4,CA,California,City,216108,57580,37047
4,CA,California,City,109708,41029,66995
4,CA,California,City,65526,24069,98153
4,CA,California,City,1394928,485091,66116
4,CA,California,City,864816,353287,81294
4,CA,California,City,1026908,314297,84647
4,CA,California,City,90712,31363,62761
4,CA,California,City,92931,28738,57822
4,CA,California,City,103536,37861,90208
4,CA,California,City,59162,22826,77294
4,CA,California,City,76134,25265,128916
4,CA,California,City,335400,74757,52253
4,CA,California,City,91842,34973,66107
4,CA,California,City,126215,43433,98914
4,CA,California,City,182371,59247,83554
4,CA,California,City,64220,21516,62164
4,CA,California,City,105093,27365,50433
4,CA,California,City,93220,46688,76580
4,CA,California,City,174972,64088,61050
4,CA,California,City,57787,19364,76104
4,CA,California,City,126788,41972,90210
4,CA,California,City,96401,23398,43552
4,CA,California,City,67271,21136,81439
4,CA,California,CDP,58328,15153,62592
4,CA,California,City,305658,92440,44797
4,CA,California,City,151754,55094,105401
4,CA,California,City,112011,32835,79925
4,CA,California,City,129339,45912,100946
4,CA,California,City,148475,55377,79549
4,CA,California,City,87075,24344,76310
4,CA,California,City,62315,18295,46659
4,CA,California,City,72292,23983,51401
4,CA,California,City,80583,25340,71897
4,CA,California,City,74494,20461,85521
4,CA,California,City,76443,27070,60779
4,CA,California,City,96803,31798,74001
4,CA,California,City,121253,41216,57028
4,CA,California,City,122225,31886,45894
4,CA,California,City,130104,41730,52157
4,CA,California,City,100890,30451,50601
4,CA,California,City,68910,30317,82120
4,CA,California,City,53628,14216,46018
4,CA,California,City,108484,30816,69189
4,CA,California,City,92114,27309,53455
4,CA,California,City,52721,17930,52763
4,CA,California,City,87438,27525,66457
4,CA,California,City,58567,19547,55893
4,CA,California,City,67973,21912,117855
4,CA,California,City,66941,21859,50649
4,CA,California,City,53328,18198,56452
5,CO,Colorado,City,115368,44615,69938
5,CO,Colorado,City,359407,124031,53011
5,CO,Colorado,City,107349,42165,58484
5,CO,Colorado,City,65065,23531,81898
5,CO,Colorado,Town,55591,18721,88294
5,CO,Colorado,City,109741,38991,91941
5,CO,Colorado,City,456568,174441,54527
5,CO,Colorado,City,53696,14704,66053
5,CO,Colorado,City,682545,275795,53637
5,CO,Colorado,City,161175,58918,55647
5,CO,Colorado,City,60358,24290,45358
5,CO,Colorado,City,100883,33774,48813
5,CO,Colorado,CDP,101350,37157,108570
5,CO,Colorado,City,152597,63159,56954
5,CO,Colorado,City,92088,33850,62208
5,CO,Colorado,City,75182,29985,56277
5,CO,Colorado,City,109412,43249,34550
5,CO,Colorado,City,133451,42679,66948
5,CO,Colorado,City,113130,42239,67081
6,CT,Connecticut,City,147629,50367,41801
6,CT,Connecticut,Town,147629,50367,41801
6,CT,Connecticut,City,60452,24921,61478
6,CT,Connecticut,Town,60452,24921,61478
6,CT,Connecticut,City,84657,28894,66676
6,CT,Connecticut,Town,84657,28894,66676
6,CT,Connecticut,Town,50821,20225,48369
6,CT,Connecticut,CDP,51211,20225,48369
6,CT,Connecticut,Town,61523,20233,122306
6,CT,Connecticut,Town,62695,22083,128153
6,CT,Connecticut,Town,61218,23187,70791
6,CT,Connecticut,City,124006,45239,30630
6,CT,Connecticut,Town,124006,45239,30630
6,CT,Connecticut,Town,58007,24141,63158
6,CT,Connecticut,City,59988,24663,54588
6,CT,Connecticut,Town,59988,24663,54588
6,CT,Connecticut,City,53592,19631,0
6,CT,Connecticut,Town,53592,21255,80247
6,CT,Connecticut,City,72808,27858,40457
6,CT,Connecticut,Town,72808,27858,40457
6,CT,Connecticut,City,130322,49771,37192
6,CT,Connecticut,Town,130322,49771,37192
6,CT,Connecticut,City,88485,34137,76987
6,CT,Connecticut,Town,88485,34137,76987
6,CT,Connecticut,City,128874,46974,79359
6,CT,Connecticut,Town,128874,46974,79359
6,CT,Connecticut,Town,52609,20714,66886
6,CT,Connecticut,CDP,52092,20714,66886
6,CT,Connecticut,City,108802,40213,40467
6,CT,Connecticut,Town,108802,40213,40467
6,CT,Connecticut,Town,63053,24935,86569
6,CT,Connecticut,CDP,63396,24935,86569
6,CT,Connecticut,City,54927,20137,50846
6,CT,Connecticut,Town,54927,20137,50846
7,DC,District of Columbia,City,672228,273390,70848
8,DE,Delaware,City,71948,28881,40465
9,FL,Florida,CDP,85561,28286,63449
9,FL,Florida,City,93235,37224,70638
9,FL,Florida,City,51704,19634,53955
9,FL,Florida,City,73966,28989,46178
9,FL,Florida,City,54437,20649,40227
9,FL,Florida,CDP,106604,40453,56464
9,FL,Florida,City,175229,58967,50536
9,FL,Florida,City,113003,46234,44198
9,FL,Florida,City,59302,22113,52800
9,FL,Florida,City,51117,17954,93934
9,FL,Florida,City,129485,40571,66430
9,FL,Florida,Town,100882,33707,59680
9,FL,Florida,City,64736,26998,27901
9,FL,Florida,City,79768,31915,40626
9,FL,Florida,City,66255,27361,50136
9,FL,Florida,City,88474,29496,42077
9,FL,Florida,City,56035,15038,72933
9,FL,Florida,City,178590,73446,50778
9,FL,Florida,City,74013,25095,39039
9,FL,Florida,CDP,53413,18175,42444
9,FL,Florida,City,130128,47968,31818
9,FL,Florida,City,237069,69219,29249
9,FL,Florida,City,149728,55823,46791
9,FL,Florida,City,66498,19154,40959
9,FL,Florida,City,868031,318575,46764
9,FL,Florida,Town,62707,24536,71233
9,FL,Florida,CDP,58767,17936,48818
9,FL,Florida,CDP,78580,27913,61554
9,FL,Florida,City,69152,20765,37487
9,FL,Florida,City,104401,39376,39706
9,FL,Florida,City,81000,36140,39468
9,FL,Florida,City,71579,23770,37429
9,FL,Florida,CDP,106747,31831,40226
9,FL,Florida,City,57234,20651,42786
9,FL,Florida,City,80127,33619,40219
9,FL,Florida,City,441003,157347,31051
9,FL,Florida,City,92312,43266,44342
9,FL,Florida,City,113187,31003,38253
9,FL,Florida,City,137132,38474,65282
9,FL,Florida,City,62435,18302,36537
9,FL,Florida,City,62345,22580,52571
9,FL,Florida,City,58218,21664,35924
9,FL,Florida,City,270934,105359,42318
9,FL,Florida,City,107888,37821,43163
9,FL,Florida,City,52923,22945,68802
9,FL,Florida,City,82893,28169,48369
9,FL,Florida,CDP,59007,26423,53281
9,FL,Florida,City,166611,56171,61279
9,FL,Florida,City,53193,22103,45527
9,FL,Florida,CDP,64516,20196,35854
9,FL,Florida,City,51617,20981,41494
9,FL,Florida,City,92560,33208,66647
9,FL,Florida,CDP,56678,17275,39839
9,FL,Florida,City,107762,41422,41321
9,FL,Florida,CDP,55206,23486,38896
9,FL,Florida,City,59866,24356,43353
9,FL,Florida,City,179413,59221,49813
9,FL,Florida,CDP,76590,26495,66497
9,FL,Florida,City,58111,19039,38273
9,FL,Florida,City,55118,23461,43244
9,FL,Florida,CDP,100270,39038,41308
9,FL,Florida,City,257083,105443,45748
9,FL,Florida,City,92700,31354,49806
9,FL,Florida,City,189907,74388,39681
9,FL,Florida,City,64681,27242,43235
9,FL,Florida,CDP,57123,16085,46449
9,FL,Florida,City,369075,142232,44185
9,FL,Florida,CDP,54833,15687,58655
9,FL,Florida,CDP,61046,36306,56672
9,FL,Florida,CDP,82506,30435,49559
9,FL,Florida,Village,62560,19959,81047
9,FL,Florida,City,69959,21259,93814
9,FL,Florida,City,106779,41474,45800
10,GA,Georgia,City,74843,29076,29676
10,GA,Georgia,City,63693,22824,92839
10,GA,Georgia,Unified Government,123912,45389,39464
10,GA,Georgia,City,463878,185820,47527
10,GA,Georgia,Consolidated Government,201793,73917,39464
10,GA,Georgia,City,51910,21780,69277
10,GA,Georgia,City,200579,72760,42306
10,GA,Georgia,City,83335,26583,105417
10,GA,Georgia,Other,153515,57025,36568
10,GA,Georgia,City,59067,23371,44953
10,GA,Georgia,City,94501,34697,82150
10,GA,Georgia,City,105330,43058,63917
10,GA,Georgia,City,145674,52798,36466
10,GA,Georgia,City,56146,23666,62363
10,GA,Georgia,City,55724,21029,29336
10,GA,Georgia,City,73490,27334,42795
11,HI,Hawaii,CDP,352769,127177,61442
12,IA,Iowa,City,65060,24004,41616
12,IA,Iowa,City,56764,19569,75465
12,IA,Iowa,City,130405,53328,53581
12,IA,Iowa,City,62597,24770,45551
12,IA,Iowa,City,102582,41100,47343
12,IA,Iowa,City,210330,81717,46290
12,IA,Iowa,City,58799,23901,47450
12,IA,Iowa,City,74220,28985,42375
12,IA,Iowa,City,82821,31261,43888
12,IA,Iowa,City,68460,28430,41933
12,IA,Iowa,City,64113,25884,71200
13,ID,Idaho,City,218281,86916,50323
13,ID,Idaho,City,51686,15709,41048
13,ID,Idaho,City,59184,20945,44580
13,ID,Idaho,City,90739,29499,63023
13,ID,Idaho,City,89839,28741,40060
13,ID,Idaho,City,54441,20428,40269
14,IL,Illinois,Township,89715,30362,64652
14,IL,Illinois,Township,87697,31547,84694
14,IL,Illinois,Village,75926,30358,81059
14,IL,Illinois,City,200661,61449,63090
14,IL,Illinois,Township,148308,44798,49797
14,IL,Illinois,Township,64687,20969,63396
14,IL,Illinois,City,56368,18291,57355
14,IL,Illinois,Township,56368,18291,57355
14,IL,Illinois,Township,91132,31948,48088
14,IL,Illinois,Township,113024,40097,68474
14,IL,Illinois,City,78292,31110,62254
14,IL,Illinois,Township,78292,31110,62254
14,IL,Illinois,Village,74306,21830,77506
14,IL,Illinois,Township,110683,40159,55902
14,IL,Illinois,Township,116358,50476,49925
14,IL,Illinois,City,86096,33088,42094
14,IL,Illinois,Township,86096,33088,42094
14,IL,Illinois,City,2720546,1035436,48522
14,IL,Illinois,Town,83886,21721,41866
14,IL,Illinois,Township,83886,21721,41866
14,IL,Illinois,City,73254,31287,40679
14,IL,Illinois,Township,50930,21348,35606
14,IL,Illinois,City,58677,22191,65109
14,IL,Illinois,Township,149401,56956,81535
14,IL,Illinois,Township,65946,20816,70658
14,IL,Illinois,Township,88783,27285,76058
14,IL,Illinois,City,112111,35075,60499
14,IL,Illinois,Township,104288,33089,63609
14,IL,Illinois,Township,93295,36308,59394
14,IL,Illinois,City,75527,29263,70041
14,IL,Illinois,Township,75527,29263,70041
14,IL,Illinois,Township,58934,19051,96853
14,IL,Illinois,Township,54213,17543,95825
14,IL,Illinois,Township,101296,32297,73620
14,IL,Illinois,Village,52138,18154,84583
14,IL,Illinois,City,147861,46895,60976
14,IL,Illinois,Township,87325,29476,43788
14,IL,Illinois,Township,92862,32687,53593
14,IL,Illinois,Township,53919,19317,94258
14,IL,Illinois,Township,119818,45377,86610
14,IL,Illinois,Township,60056,20428,60827
14,IL,Illinois,Township,112890,39769,66065
14,IL,Illinois,Township,136667,50680,65608
14,IL,Illinois,Township,118844,43510,84039
14,IL,Illinois,Village,54747,20290,69520
14,IL,Illinois,City,147100,50073,109468
14,IL,Illinois,Township,102708,37133,88282
14,IL,Illinois,Township,56499,19314,149837
14,IL,Illinois,Township,106229,37478,69857
14,IL,Illinois,Town,54373,19070,52102
14,IL,Illinois,Township,54383,18955,51761
14,IL,Illinois,Township,87799,32220,97047
14,IL,Illinois,Village,56781,21527,56185
14,IL,Illinois,Village,52287,21612,80196
14,IL,Illinois,Township,52287,21612,80196
14,IL,Illinois,Township,99816,35941,82077
14,IL,Illinois,Village,58619,22048,81453
14,IL,Illinois,Township,55375,17246,87776
14,IL,Illinois,Village,69308,26242,71573
14,IL,Illinois,Township,114057,42938,77545
14,IL,Illinois,Township,54841,20823,59920
14,IL,Illinois,City,115070,47239,45552
14,IL,Illinois,Township,104291,43267,42041
14,IL,Illinois,Township,81678,23935,84786
14,IL,Illinois,Township,151772,54255,53281
14,IL,Illinois,Township,77100,29025,63240
14,IL,Illinois,City,148278,58559,38716
14,IL,Illinois,Township,173110,69780,40391
14,IL,Illinois,Village,74693,30011,74086
14,IL,Illinois,Township,132162,49006,74034
14,IL,Illinois,Village,64821,22787,66999
14,IL,Illinois,City,116565,50575,49868
14,IL,Illinois,Township,51812,18766,92472
14,IL,Illinois,Township,169468,62380,41024
14,IL,Illinois,Village,57143,21041,74215
14,IL,Illinois,Township,67935,24876,106312
14,IL,Illinois,Township,64505,23406,80585
14,IL,Illinois,City,88475,28826,45845
14,IL,Illinois,Township,90160,29109,40465
14,IL,Illinois,Township,67454,21529,97533
14,IL,Illinois,Township,83950,24542,128509
14,IL,Illinois,City,53715,19281,85705
14,IL,Illinois,Township,155286,59425,73977
14,IL,Illinois,Township,152861,56788,54124
14,IL,Illinois,Township,125730,47997,76285
15,IN,Indiana,City,55305,23224,33644
15,IN,Indiana,Township,55551,23286,34981
15,IN,Indiana,City,84067,30232,30019
15,IN,Indiana,Township,100453,39770,31332
15,IN,Indiana,City,88713,31462,106433
15,IN,Indiana,Township,69064,26656,30568
15,IN,Indiana,Township,147837,59947,27572
15,IN,Indiana,Township,92745,32998,103718
15,IN,Indiana,Township,55462,19401,38285
15,IN,Indiana,City,52348,19232,35371
15,IN,Indiana,City,119943,51271,35785
15,IN,Indiana,Township,53100,22918,39824
15,IN,Indiana,Township,59128,18410,101609
15,IN,Indiana,City,88658,29366,95487
15,IN,Indiana,City,260326,102273,43774
15,IN,Indiana,Township,56930,19420,63682
15,IN,Indiana,City,77156,30814,28020
15,IN,Indiana,City,55586,20975,54176
15,IN,Indiana,City,77614,28282,39576
15,IN,Indiana,Township,51268,19760,30400
15,IN,Indiana,City,862781,316037,51682
15,IN,Indiana,Township,60853,24048,44987
15,IN,Indiana,Township,68081,28952,38154
15,IN,Indiana,City,57995,25227,37623
15,IN,Indiana,City,71111,30447,40419
15,IN,Indiana,Township,123397,48011,50411
15,IN,Indiana,City,70087,27390,31044
15,IN,Indiana,Township,50145,19859,46329
15,IN,Indiana,City,59093,21262,69841
15,IN,Indiana,Township,56473,20007,71491
15,IN,Indiana,Township,157105,58240,44334
15,IN,Indiana,Township,66367,26845,45519
15,IN,Indiana,Township,113236,44154,44302
15,IN,Indiana,Township,53382,22213,43799
15,IN,Indiana,Township,81408,31112,47149
15,IN,Indiana,Township,57212,21327,52414
15,IN,Indiana,Township,93008,32714,33567
15,IN,Indiana,City,101516,39448,34523
15,IN,Indiana,Township,67023,24681,76444
15,IN,Indiana,Township,74550,29704,54692
15,IN,Indiana,City,60825,22261,31817
15,IN,Indiana,Township,64995,19942,33279
15,IN,Indiana,Township,103365,38889,41504
15,IN,Indiana,Township,137215,58263,50615
15,IN,Indiana,Township,106185,41596,32194
15,IN,Indiana,Township,142010,52540,35884
16,KS,Kansas,City,151306,54629,38749
16,KS,Kansas,City,93917,34913,46406
16,KS,Kansas,City,52490,20006,75954
16,KS,Kansas,City,56308,20722,43104
16,KS,Kansas,City,134305,45742,77335
16,KS,Kansas,City,186515,74830,72463
16,KS,Kansas,City,65046,23689,77271
16,KS,Kansas,City,127265,52711,42250
16,KS,Kansas,City,389965,150683,45947
17,KY,Kentucky,City,63616,23215,35604
17,KY,Kentucky,Urban County ,314488,125752,49778
17,KY,Kentucky,City,760026,0,0
17,KY,Kentucky,City,59042,23995,37279
18,LA,Louisiana,City,228590,88476,39876
18,LA,Louisiana,City,68094,25540,47342
18,LA,Louisiana,City,67091,25243,47527
18,LA,Louisiana,City,127657,50025,46517
18,LA,Louisiana,City,76070,30141,36751
18,LA,Louisiana,CDP,140074,59557,52421
18,LA,Louisiana,City,389617,153140,36792
18,LA,Louisiana,City,197204,77500,38583
19,MA,Massachusetts,City,667137,256294,55777
19,MA,Massachusetts,City,95314,32764,47557
19,MA,Massachusetts,Town,59195,25324,95518
19,MA,Massachusetts,CDP,59016,25324,95518
19,MA,Massachusetts,City,110402,43801,79416
19,MA,Massachusetts,City,56741,22993,47684
19,MA,Massachusetts,City,88777,38765,35213
19,MA,Massachusetts,Town,71209,27028,68219
19,MA,Massachusetts,CDP,69900,27028,68219
19,MA,Massachusetts,City,62765,23781,60888
19,MA,Massachusetts,City,80231,26494,34852
19,MA,Massachusetts,City,110699,38489,48002
19,MA,Massachusetts,City,92457,32407,47429
19,MA,Massachusetts,City,61068,22914,54896
19,MA,Massachusetts,City,57403,22129,76445
19,MA,Massachusetts,City,94958,39141,37574
19,MA,Massachusetts,City,88817,31077,122080
19,MA,Massachusetts,City,52504,21652,60596
19,MA,Massachusetts,Town,58890,21945,76835
19,MA,Massachusetts,City,93618,39476,64155
19,MA,Massachusetts,City,53422,20486,50886
19,MA,Massachusetts,City,80318,32181,73106
19,MA,Massachusetts,City,154341,55644,34728
19,MA,Massachusetts,City,56789,22035,53058
19,MA,Massachusetts,City,63378,24248,75205
19,MA,Massachusetts,City,55957,22708,69123
19,MA,Massachusetts,City,184815,68576,45472
20,MD,Maryland,CDP,51603,17010,83115
20,MD,Maryland,City,621849,242268,42241
20,MD,Maryland,CDP,62024,25007,144772
20,MD,Maryland,City,58025,19885,105959
20,MD,Maryland,CDP,102116,39893,100849
20,MD,Maryland,CDP,62186,23506,49435
20,MD,Maryland,CDP,68507,24341,114916
20,MD,Maryland,City,69479,26591,64700
20,MD,Maryland,City,67456,23550,80734
20,MD,Maryland,CDP,88717,31359,84615
20,MD,Maryland,CDP,67559,26836,61966
20,MD,Maryland,City,66980,24755,100239
20,MD,Maryland,CDP,75748,30684,72887
20,MD,Maryland,CDP,57146,21059,74828
20,MD,Maryland,CDP,71358,25438,84848
21,ME,Maine,City,66881,30119,46280
22,MI,Michigan,City,117070,47179,55990
22,MI,Michigan,City,51589,20629,36882
22,MI,Michigan,Charter Township,89879,31505,83943
22,MI,Michigan,Charter Township,99889,42792,48466
22,MI,Michigan,City,95171,31502,47375
22,MI,Michigan,City,56145,20646,44620
22,MI,Michigan,City,677116,255740,25764
22,MI,Michigan,City,81330,34013,71609
22,MI,Michigan,City,98310,40260,24862
22,MI,Michigan,Charter Township,50340,17272,62910
22,MI,Michigan,City,195097,73026,40355
22,MI,Michigan,City,76041,28025,33009
22,MI,Michigan,City,51357,19860,49612
22,MI,Michigan,City,115056,48414,35563
22,MI,Michigan,City,94635,37199,70125
22,MI,Michigan,Township,86973,27989,85402
22,MI,Michigan,City,58723,23077,82587
22,MI,Michigan,City,59917,23566,28505
22,MI,Michigan,City,73424,28046,82112
22,MI,Michigan,City,59008,28371,65786
22,MI,Michigan,Charter Township,77643,29464,65404
22,MI,Michigan,City,73156,32219,49244
22,MI,Michigan,City,59903,26808,53093
22,MI,Michigan,City,132052,49444,60089
22,MI,Michigan,City,61568,23742,40545
22,MI,Michigan,City,83280,30812,85027
22,MI,Michigan,City,135358,53493,43523
22,MI,Michigan,Charter Township,73040,30127,55552
22,MI,Michigan,Charter Township,65885,24453,91028
22,MI,Michigan,City,82000,33717,44641
22,MI,Michigan,City,75275,27602,46849
22,MI,Michigan,Charter Township,54613,22071,45517
23,MN,Minnesota,City,51221,19413,80478
23,MN,Minnesota,City,62124,22033,76027
23,MN,Minnesota,City,86435,36762,64540
23,MN,Minnesota,City,79149,26758,62974
23,MN,Minnesota,City,61481,24856,63649
23,MN,Minnesota,City,62240,24111,64203
23,MN,Minnesota,City,86110,35410,45034
23,MN,Minnesota,City,66286,25831,82265
23,MN,Minnesota,City,63496,24419,97640
23,MN,Minnesota,City,50138,20881,88298
23,MN,Minnesota,City,60633,19595,95130
23,MN,Minnesota,City,68385,24904,92680
23,MN,Minnesota,City,410939,168385,51480
23,MN,Minnesota,City,51669,22676,78589
23,MN,Minnesota,City,75907,30267,85418
23,MN,Minnesota,City,112225,43634,64554
23,MN,Minnesota,City,67109,25204,45437
23,MN,Minnesota,City,300851,112988,48757
23,MN,Minnesota,City,67855,24059,99698
24,MO,Missouri,City,54148,19132,63753
24,MO,Missouri,City,119108,45024,44907
24,MO,Missouri,City,52268,21024,50767
24,MO,Missouri,City,117255,48313,43472
24,MO,Missouri,City,51818,20930,38169
24,MO,Missouri,City,475378,195033,45821
24,MO,Missouri,City,95094,34056,78377
24,MO,Missouri,City,85040,29811,78266
24,MO,Missouri,City,166810,71268,33557
24,MO,Missouri,City,68796,26436,57558
24,MO,Missouri,City,76596,28557,43298
24,MO,Missouri,City,315685,139555,35599
24,MO,Missouri,City,56971,21919,70325
25,MS,Mississippi,City,71856,27948,36474
25,MS,Mississippi,City,170674,62671,32250
25,MS,Mississippi,City,52589,18393,58227
26,MT,Montana,City,110263,44092,51012
26,MT,Montana,City,59638,25194,42896
26,MT,Montana,City,71022,29860,41421
27,NC,North Carolina,City,88512,37672,43334
27,NC,North Carolina,City,52472,21562,36140
27,NC,North Carolina,Town,159769,56034,91579
27,NC,North Carolina,Town,59568,20335,62208
27,NC,North Carolina,City,827097,305488,53637
27,NC,North Carolina,City,87696,29921,53587
27,NC,North Carolina,City,257636,100513,50420
27,NC,North Carolina,City,201963,78439,43630
27,NC,North Carolina,City,74543,26771,40432
27,NC,North Carolina,City,285342,114080,41628
27,NC,North Carolina,City,90597,35367,34435
27,NC,North Carolina,City,110268,40973,42299
27,NC,North Carolina,Town,52704,18059,90253
27,NC,North Carolina,City,67357,21281,40918
27,NC,North Carolina,City,451066,170366,55398
27,NC,North Carolina,City,55806,22283,36088
27,NC,North Carolina,City,115933,48425,42128
27,NC,North Carolina,City,241218,93267,39882
28,ND,North Dakota,City,71167,29716,58901
28,ND,North Dakota,City,118523,49962,46175
28,ND,North Dakota,City,57011,23319,46149
29,NE,Nebraska,City,55510,20598,57719
29,NE,Nebraska,City,51440,18721,46831
29,NE,Nebraska,City,277348,107574,49840
29,NE,Nebraska,City,443885,173764,49896
30,NH,New Hampshire,City,110229,45145,54282
30,NH,New Hampshire,City,87970,34619,67246
31,NJ,New Jersey,City,66311,25474,54413
31,NJ,New Jersey,Township,75012,29942,70647
31,NJ,New Jersey,City,76119,24981,25042
31,NJ,New Jersey,Township,71340,26067,92185
31,NJ,New Jersey,City,86334,29065,67992
31,NJ,New Jersey,City,64949,25526,36921
31,NJ,New Jersey,Township,102701,35198,90515
31,NJ,New Jersey,City,129007,39433,43568
31,NJ,New Jersey,Township,66158,23632,90949
31,NJ,New Jersey,Township,63939,23354,71963
31,NJ,New Jersey,Township,89030,33496,70996
31,NJ,New Jersey,City,53635,24579,114381
31,NJ,New Jersey,Township,52104,17638,93733
31,NJ,New Jersey,Township,54580,20062,36782
31,NJ,New Jersey,Township,56416,20131,84871
31,NJ,New Jersey,City,264290,99058,59537
31,NJ,New Jersey,CDP,51944,10395,37976
31,NJ,New Jersey,Township,99262,24256,40983
31,NJ,New Jersey,Township,66024,23674,102474
31,NJ,New Jersey,City,281944,92675,33139
31,NJ,New Jersey,City,57035,14329,38435
31,NJ,New Jersey,Township,62993,21676,55222
31,NJ,New Jersey,Township,67215,24033,83750
31,NJ,New Jersey,Township,53641,19745,89385
31,NJ,New Jersey,City,71085,19802,31832
31,NJ,New Jersey,City,147754,43037,32915
31,NJ,New Jersey,City,52682,16269,44024
31,NJ,New Jersey,Township,58069,16609,88494
31,NJ,New Jersey,City,51217,14898,54500
31,NJ,New Jersey,CDP,89459,33222,72196
31,NJ,New Jersey,Township,90817,34605,71960
31,NJ,New Jersey,City,84225,27844,34257
31,NJ,New Jersey,Township,58128,20522,75742
31,NJ,New Jersey,City,69156,23029,41107
31,NJ,New Jersey,City,60818,20825,49453
31,NJ,New Jersey,Township,55210,18102,106357
31,NJ,New Jersey,Town,53366,19161,45370
31,NJ,New Jersey,Township,102105,33375,79720
32,NM,New Mexico,City,559121,222098,47030
32,NM,New Mexico,City,101643,38925,41330
32,NM,New Mexico,City,94171,32511,60893
32,NM,New Mexico,City,84099,35592,50737
33,NV,Nevada,Other,54521,21594,47668
33,NV,Nevada,CDP,124564,43699,68137
33,NV,Nevada,City,285667,104492,63120
33,NV,Nevada,City,623747,215614,50202
33,NV,Nevada,City,234807,68686,52511
33,NV,Nevada,CDP,223182,88401,43911
33,NV,Nevada,City,241445,92283,47012
33,NV,Nevada,City,96094,34986,52795
33,NV,Nevada,CDP,183937,70748,50192
33,NV,Nevada,CDP,187647,60366,39586
34,NY,New York,City,98469,40283,40949
34,NY,New York,Town,125109,49558,68294
34,NY,New York,Town,213776,68789,80327
34,NY,New York,CDP,59436,13786,70139
34,NY,New York,Town,489278,161116,87040
34,NY,New York,Borough,2636735,880727,32135
34,NY,New York,City,258071,110549,31918
34,NY,New York,Town,87514,38912,48662
34,NY,New York,CDP,74967,33288,48508
34,NY,New York,Town,87210,29518,104050
34,NY,New York,Town,59878,23497,64717
34,NY,New York,Town,83661,31991,71658
34,NY,New York,Town,96796,39934,55061
34,NY,New York,Town,92029,32764,115754
34,NY,New York,Town,58022,23895,62383
34,NY,New York,Village,55547,15863,55417
34,NY,New York,Town,771018,241539,94999
34,NY,New York,Town,204398,69000,105451
34,NY,New York,Town,50985,22203,54275
34,NY,New York,CDP,51594,22203,54275
34,NY,New York,Town,336113,101387,86864
34,NY,New York,CDP,52485,16454,98810
34,NY,New York,Borough,1644518,738644,47030
34,NY,New York,City,68628,24989,50952
34,NY,New York,City,79846,28279,70036
34,NY,New York,City,8550405,3113535,53373
34,NY,New York,Town,230614,76523,104698
34,NY,New York,Town,50479,17922,92257
34,NY,New York,Town,298768,98509,112162
34,NY,New York,Borough,2339150,782664,42439
34,NY,New York,Town,135257,34566,66911
34,NY,New York,City,209802,85741,30960
34,NY,New York,City,65305,24087,40755
34,NY,New York,Town,118275,39425,112693
34,NY,New York,Town,58254,21064,79799
34,NY,New York,Borough,474558,156341,55039
34,NY,New York,City,144142,54781,31881
34,NY,New York,Borough,1455444,523690,34299
34,NY,New York,CDP,58204,25691,54345
34,NY,New York,Town,72937,32723,53760
34,NY,New York,Town,54995,23992,45958
34,NY,New York,City,61100,23622,30504
34,NY,New York,City,58459,21877,80442
34,NY,New York,City,201116,73073,59049
35,OH,Ohio,City,197542,83684,34512
35,OH,Ohio,Township,53427,21060,85670
35,OH,Ohio,City,71885,30220,29418
35,OH,Ohio,City,298550,133039,33604
35,OH,Ohio,City,388072,167100,26150
35,OH,Ohio,Township,58838,22193,56299
35,OH,Ohio,City,850106,334724,45659
35,OH,Ohio,City,140599,57316,27683
35,OH,Ohio,City,53775,22551,40952
35,OH,Ohio,Township,58697,22813,70092
35,OH,Ohio,City,62407,23849,40427
35,OH,Ohio,City,55525,25089,50608
35,OH,Ohio,City,50656,24534,45408
35,OH,Ohio,City,63647,25218,35042
35,OH,Ohio,Township,50644,21873,51252
35,OH,Ohio,City,79937,33393,50440
35,OH,Ohio,Township,52710,21793,53010
35,OH,Ohio,City,59680,24558,32066
35,OH,Ohio,City,279789,117531,33687
35,OH,Ohio,Township,56589,24453,69520
35,OH,Ohio,Township,63077,22537,79252
35,OH,Ohio,City,64628,26731,24133
36,OK,Oklahoma,City,106563,37246,67131
36,OK,Oklahoma,City,90092,32601,71974
36,OK,Oklahoma,City,51776,19531,46365
36,OK,Oklahoma,City,96655,33255,42493
36,OK,Oklahoma,City,57249,23206,44578
36,OK,Oklahoma,City,60451,21759,58169
36,OK,Oklahoma,City,120284,44911,51491
36,OK,Oklahoma,City,631346,232254,47779
36,OK,Oklahoma,City,403505,164471,42284
37,OR,Oregon,City,52175,19729,47150
37,OR,Oregon,CDP,52902,17144,65765
37,OR,Oregon,City,96577,37238,56882
37,OR,Oregon,City,87014,33396,52989
37,OR,Oregon,City,55780,21588,42488
37,OR,Oregon,City,163460,66093,43101
37,OR,Oregon,City,110553,38773,46956
37,OR,Oregon,City,102347,35284,67757
37,OR,Oregon,City,79805,29751,41931
37,OR,Oregon,City,632309,254167,55003
37,OR,Oregon,City,164549,57729,47191
37,OR,Oregon,City,60870,24002,39729
37,OR,Oregon,City,51253,19897,62048
38,PA,Pennsylvania,Township,55590,20911,77014
38,PA,Pennsylvania,City,120207,41244,36930
38,PA,Pennsylvania,Township,60374,23677,60147
38,PA,Pennsylvania,City,74892,29144,47291
38,PA,Pennsylvania,Township,54086,19619,57678
38,PA,Pennsylvania,City,99475,41131,34253
38,PA,Pennsylvania,City,59339,21356,35313
38,PA,Pennsylvania,CDP,51326,18095,69878
38,PA,Pennsylvania,Township,58177,22476,118704
38,PA,Pennsylvania,Township,54003,22351,56099
38,PA,Pennsylvania,City,1567442,581050,38253
38,PA,Pennsylvania,City,304391,132468,40715
38,PA,Pennsylvania,City,87879,30090,26784
38,PA,Pennsylvania,City,77118,28946,37218
38,PA,Pennsylvania,Township,82878,30226,49783
39,RI,Rhode Island,City,81073,30208,59701
39,RI,Rhode Island,City,71591,27979,41789
39,RI,Rhode Island,City,179207,61481,37501
39,RI,Rhode Island,City,81699,34891,66044
40,SC,South Carolina,City,132609,52450,55546
40,SC,South Carolina,City,133803,44506,41260
40,SC,South Carolina,City,64579,26636,41924
40,SC,South Carolina,Town,81317,30007,77638
40,SC,South Carolina,City,108304,37597,39543
40,SC,South Carolina,City,71548,27431,40396
41,SD,South Dakota,City,73569,28721,46966
41,SD,South Dakota,City,171544,65538,52494
42,TN,Tennessee,City,58579,19881,81158
42,TN,Tennessee,City,176588,70228,40177
42,TN,Tennessee,City,149176,51776,46947
42,TN,Tennessee,City,72639,26228,85671
42,TN,Tennessee,City,56018,20898,61786
42,TN,Tennessee,City,66975,25128,38153
42,TN,Tennessee,City,66027,27714,39566
42,TN,Tennessee,City,53014,23615,37465
42,TN,Tennessee,City,185291,81073,34226
42,TN,Tennessee,City,655770,249775,36445
42,TN,Tennessee,City,126118,44518,51094
42,TN,Tennessee,Metropolitan Government,678889,248677,41759
43,TX,Texas,City,121721,42348,43189
43,TX,Texas,City,98143,30015,103051
43,TX,Texas,City,198645,74769,47735
43,TX,Texas,City,388125,133808,53326
43,TX,Texas,CDP,69470,21812,84982
43,TX,Texas,City,931830,351195,57689
43,TX,Texas,City,76335,25793,48103
43,TX,Texas,City,118129,46193,40992
43,TX,Texas,City,183887,51563,32894
43,TX,Texas,City,82118,28924,40312
43,TX,Texas,City,133168,45263,69368
43,TX,Texas,City,65945,19891,82311
43,TX,Texas,City,107889,36175,34186
43,TX,Texas,City,68602,22350,47680
43,TX,Texas,City,324074,114817,50658
43,TX,Texas,City,1300092,477249,43781
43,TX,Texas,City,131044,43745,49100
43,TX,Texas,City,52486,18907,59260
43,TX,Texas,City,84497,23953,43346
43,TX,Texas,City,681124,220682,42772
43,TX,Texas,City,54219,21119,54974
43,TX,Texas,Town,71253,22231,122999
43,TX,Texas,City,833319,273457,53214
43,TX,Texas,City,154407,45452,114098
43,TX,Texas,City,50180,20320,39098
43,TX,Texas,City,236897,74912,51970
43,TX,Texas,City,63716,22665,63041
43,TX,Texas,City,187809,59196,56475
43,TX,Texas,City,51404,19366,79083
43,TX,Texas,City,65774,20599,34466
43,TX,Texas,City,2296224,814599,46187
43,TX,Texas,City,236607,83649,52154
43,TX,Texas,City,140806,46952,47763
43,TX,Texas,City,255473,66308,39711
43,TX,Texas,City,98312,32840,93675
43,TX,Texas,City,104039,38430,57267
43,TX,Texas,City,82287,30577,44544
43,TX,Texas,City,249042,90433,44648
43,TX,Texas,City,64274,20336,90089
43,TX,Texas,City,140269,42225,44254
43,TX,Texas,City,162898,50455,81459
43,TX,Texas,City,144788,47795,49604
43,TX,Texas,City,132950,43214,69173
43,TX,Texas,City,83298,24070,41818
43,TX,Texas,City,74139,23231,87955
43,TX,Texas,City,70543,22361,59721
43,TX,Texas,City,69204,24963,63766
43,TX,Texas,City,118968,39057,59337
43,TX,Texas,City,153784,49256,48004
43,TX,Texas,City,108821,34776,95972
43,TX,Texas,City,57122,18606,76459
43,TX,Texas,City,76538,20402,34708
43,TX,Texas,City,283558,103937,83793
43,TX,Texas,City,55340,19806,32863
43,TX,Texas,City,110815,40020,72427
43,TX,Texas,City,115997,35580,72412
43,TX,Texas,City,60236,18733,83416
43,TX,Texas,City,100450,36409,44802
43,TX,Texas,City,1469845,488645,46744
43,TX,Texas,City,60684,20155,28923
43,TX,Texas,CDP,54992,18653,66484
43,TX,Texas,City,88156,27587,104939
43,TX,Texas,City,72277,25204,47475
43,TX,Texas,CDP,102911,38114,109917
43,TX,Texas,City,103700,37644,42840
43,TX,Texas,City,67574,23843,48658
43,TX,Texas,City,132356,46719,33147
43,TX,Texas,City,104710,37200,44543
44,UT,Utah,City,74143,22209,69408
44,UT,Utah,City,58486,13732,77662
44,UT,Utah,City,50371,15855,36032
44,UT,Utah,CDP,63311,23686,57672
44,UT,Utah,City,85444,30016,41036
44,UT,Utah,City,94457,26149,55166
44,UT,Utah,City,115264,32506,41291
44,UT,Utah,City,192672,75330,47243
44,UT,Utah,City,93613,29010,79491
44,UT,Utah,City,66648,16748,94183
44,UT,Utah,City,80202,26136,49614
44,UT,Utah,City,60514,19443,58524
44,UT,Utah,City,111946,31742,68442
44,UT,Utah,City,136208,36213,52534
45,VA,Virginia,City,153511,66879,89134
45,VA,Virginia,CDP,220173,98441,105763
45,VA,Virginia,CDP,73677,24618,105278
45,VA,Virginia,City,235429,81518,68620
45,VA,Virginia,CDP,70381,20711,85462
45,VA,Virginia,City,136454,52940,49190
45,VA,Virginia,City,52538,16409,38750
45,VA,Virginia,Town,51209,15673,103238
45,VA,Virginia,City,79812,28528,39589
45,VA,Virginia,City,182385,69073,50077
45,VA,Virginia,City,246393,87045,44480
45,VA,Virginia,City,96201,36757,45676
45,VA,Virginia,CDP,59217,25324,110401
45,VA,Virginia,City,220289,87224,40758
45,VA,Virginia,City,99897,42239,39930
45,VA,Virginia,City,88161,30990,65499
45,VA,Virginia,City,452745,166242,66634
46,WA,Washington,City,77006,27280,59347
46,WA,Washington,City,139820,54216,94638
46,WA,Washington,City,85146,33764,43536
46,WA,Washington,City,50467,18273,53712
46,WA,Washington,City,108010,42079,49578
46,WA,Washington,City,95171,34117,55673
46,WA,Washington,City,78896,27457,51661
46,WA,Washington,City,126952,42233,60191
46,WA,Washington,City,87281,35367,92127
46,WA,Washington,City,59829,24140,44902
46,WA,Washington,City,66773,22653,65434
46,WA,Washington,City,50302,20870,53617
46,WA,Washington,City,69451,19522,55319
46,WA,Washington,City,60598,23389,103409
46,WA,Washington,City,100242,37994,64802
46,WA,Washington,City,54248,20792,67483
46,WA,Washington,City,52253,16201,147349
46,WA,Washington,City,684451,296633,70594
46,WA,Washington,City,55439,21668,66020
46,WA,Washington,CDP,54878,18435,75241
46,WA,Washington,City,213272,87623,42386
46,WA,Washington,City,94919,37424,47430
46,WA,Washington,City,207948,79026,52042
46,WA,Washington,City,172860,66417,50626
46,WA,Washington,City,93701,33081,40726
47,WI,Wisconsin,City,74139,28447,53588
47,WI,Wisconsin,City,67778,27104,43541
47,WI,Wisconsin,City,105207,42308,42826
47,WI,Wisconsin,City,64123,25930,49001
47,WI,Wisconsin,City,99858,37107,49160
47,WI,Wisconsin,City,52306,20689,40725
47,WI,Wisconsin,City,248951,104087,54896
47,WI,Wisconsin,City,600155,230807,35958
47,WI,Wisconsin,City,66555,26152,42650
47,WI,Wisconsin,City,77742,29851,41455
47,WI,Wisconsin,City,71970,28331,59547
47,WI,Wisconsin,City,60620,27457,45221
48,WY,Wyoming,City,60285,23814,57790
48,WY,Wyoming,City,63335,25130,58219
